{
  "IcoMoonType": "selection",
  "icons": [
    {
      "icon": {
        "paths": [
          "M1024 103.131l-103.131-103.131-408.869 408.869-408.869-408.869-103.131 103.131 408.869 408.869-408.869 408.869 103.131 103.131 408.869-408.869 408.869 408.869 103.131-103.131-408.869-408.869 408.869-408.869z"
        ],
        "attrs": [
          {}
        ],
        "isMulticolor": false,
        "isMulticolor2": false,
        "grid": 0,
        "tags": [
          "close-black-18dp (2) 1"
        ],
        "colorPermutations": {
          "2552552551464766177902291": [
            {}
          ]
        }
      },
      "attrs": [
        {}
      ],
      "properties": {
        "order": 8,
        "id": 3,
        "name": "close-black-18dp-2-1",
        "prevSize": 32,
        "code": 59648
      },
      "setIdx": 0,
      "setId": 1,
      "iconIdx": 0
    }
  ],
  "height": 1024,
  "preferences": {
    "showGlyphs": true,
    "showCodes": true,
    "showQuickUse": true,
    "showQuickUse2": false,
    "showSVGs": true,
    "fontPref": {
      "prefix": "icon-",
      "metadata": {
        "fontFamily": "icomoon"
      },
      "metrics": {
        "emSize": 1024,
        "baseline": 6.25,
        "whitespace": 50
      },
      "hideFormats": false,
      "embed": false
    },
    "imagePref": {
      "prefix": "icon-",
      "png": false,
      "useClassSelector": true,
      "color": 0,
      "bgColor": 16777215,
      "name": "icomoonlinl",
      "classSelector": ".icon",
      "autoHost": true,
      "height": 32,
      "columns": 16,
      "margin": 16,
      "addTitleTags": false,
      "overrideSize": ""
    },
    "historySize": 50,
    "gridSize": 16,
    "quickUsageToken": {
      "UntitledProject": "NDc0ZWIwNWE4OSMxNzA3NTEzMzE5I3hXT2RKNWN5SVFqNzA3ckQyVzB0MDFOUmJ0RGdBRkVlY0MvMVhJYlppZTJo"
    },
    "showGrid": false
  }
}